volume id	volume pool id	leaf
900000067	936	fsn1-cloud2-leaf95
900000039	791	nbg1-cloud1-leaf41
900000014	931	nbg1-cloud1-leaf73
900000063	922	fsn1-cloud2-leaf88
900000023	632	hel1-cloud1-leaf30
900000041	791	nbg1-cloud1-leaf41
900000137	504	hel1-cloud1-leaf24
900000169	547	hel1-cloud1-leaf25
900000174	652	hel1-cloud1-leaf25
900000109	360	nbg1-cloud1-leaf14
900000068	8	fsn1-cloud2-leaf86
900000058	379	hel1-cloud1-leaf87
900000118	689	fsn1-cloud2-leaf53
900000046	379	hel1-cloud1-leaf87
900000043	791	nbg1-cloud1-leaf41
900000184	276	fsn1-cloud2-leaf55
900000110	918	nbg1-cloud1-leaf92
900000199	315	fsn1-cloud2-leaf96
900000159	857	fsn1-cloud2-leaf74
900000008	931	nbg1-cloud1-leaf73
900000082	181	fsn1-cloud2-leaf86
900000190	115	fsn1-cloud2-leaf18
900000095	676	hel1-cloud1-leaf51
900000171	652	hel1-cloud1-leaf25
900000164	547	hel1-cloud1-leaf25
900000180	558	fsn1-cloud2-leaf97
900000037	791	nbg1-cloud1-leaf41
900000007	931	nbg1-cloud1-leaf73
900000172	652	hel1-cloud1-leaf25
900000079	181	fsn1-cloud2-leaf86
900000015	931	nbg1-cloud1-leaf73
900000147	884	fsn1-cloud2-leaf83
900000143	939	fsn1-cloud2-leaf26
900000017	786	nbg1-cloud1-leaf73
900000165	547	hel1-cloud1-leaf25
900000045	379	hel1-cloud1-leaf87
900000012	931	nbg1-cloud1-leaf73
900000156	596	nbg1-cloud1-leaf59
900000044	379	hel1-cloud1-leaf87
900000150	596	nbg1-cloud1-leaf59
900000040	791	nbg1-cloud1-leaf41
900000083	181	fsn1-cloud2-leaf86
900000112	918	nbg1-cloud1-leaf92
900000050	379	hel1-cloud1-leaf87
900000087	181	fsn1-cloud2-leaf86
900000167	547	hel1-cloud1-leaf25
900000119	689	fsn1-cloud2-leaf53
900000175	652	hel1-cloud1-leaf25
900000009	931	nbg1-cloud1-leaf73
900000127	689	fsn1-cloud2-leaf53
900000100	963	nbg1-cloud1-leaf54
900000073	8	fsn1-cloud2-leaf86
900000187	55	nbg1-cloud1-leaf22
900000092	676	hel1-cloud1-leaf51
900000142	557	fsn1-cloud2-leaf26
900000069	8	fsn1-cloud2-leaf86
900000025	791	nbg1-cloud1-leaf41
900000077	181	fsn1-cloud2-leaf86
900000089	181	fsn1-cloud2-leaf86
900000132	799	nbg1-cloud1-leaf68
900000088	181	fsn1-cloud2-leaf86
900000029	791	nbg1-cloud1-leaf41
900000122	689	fsn1-cloud2-leaf53
900000115	579	fsn1-cloud2-leaf53
900000090	181	fsn1-cloud2-leaf86
900000019	580	nbg1-cloud1-leaf85
900000060	379	hel1-cloud1-leaf87
900000193	790	hel1-cloud1-leaf47
900000196	597	nbg1-cloud1-leaf67
900000192	115	fsn1-cloud2-leaf18
900000078	181	fsn1-cloud2-leaf86
900000151	596	nbg1-cloud1-leaf59
900000195	401	fsn1-cloud2-leaf29
900000177	756	fsn1-cloud2-leaf81
900000084	181	fsn1-cloud2-leaf86
900000028	791	nbg1-cloud1-leaf41
900000170	652	hel1-cloud1-leaf25
900000091	181	fsn1-cloud2-leaf86
900000154	596	nbg1-cloud1-leaf59
900000074	8	fsn1-cloud2-leaf86
900000099	963	nbg1-cloud1-leaf54
900000065	834	fsn1-cloud2-leaf88
900000085	181	fsn1-cloud2-leaf86
900000153	596	nbg1-cloud1-leaf59
900000139	504	hel1-cloud1-leaf24
900000105	234	nbg1-cloud1-leaf49
900000064	922	fsn1-cloud2-leaf88
900000163	547	hel1-cloud1-leaf25
900000033	791	nbg1-cloud1-leaf41
900000113	918	nbg1-cloud1-leaf92
900000133	799	nbg1-cloud1-leaf68
900000161	354	hel1-cloud1-leaf25
900000166	547	hel1-cloud1-leaf25
900000160	857	fsn1-cloud2-leaf74
900000053	379	hel1-cloud1-leaf87
900000010	931	nbg1-cloud1-leaf73
900000018	943	nbg1-cloud1-leaf93
900000117	689	fsn1-cloud2-leaf53
900000047	379	hel1-cloud1-leaf87
900000103	61	nbg1-cloud1-leaf49
900000124	689	fsn1-cloud2-leaf53
900000024	632	hel1-cloud1-leaf30
900000148	209	fsn1-cloud2-leaf83
900000094	676	hel1-cloud1-leaf51
900000189	115	fsn1-cloud2-leaf18
900000178	756	fsn1-cloud2-leaf81
900000121	689	fsn1-cloud2-leaf53
900000052	379	hel1-cloud1-leaf87
900000071	8	fsn1-cloud2-leaf86
900000081	181	fsn1-cloud2-leaf86
900000149	209	fsn1-cloud2-leaf83
900000042	791	nbg1-cloud1-leaf41
900000004	931	nbg1-cloud1-leaf73
900000128	689	fsn1-cloud2-leaf53
900000035	791	nbg1-cloud1-leaf41
900000136	504	hel1-cloud1-leaf24
900000131	412	nbg1-cloud1-leaf33
900000057	379	hel1-cloud1-leaf87
900000108	360	nbg1-cloud1-leaf14
900000059	379	hel1-cloud1-leaf87
900000158	857	fsn1-cloud2-leaf74
900000086	181	fsn1-cloud2-leaf86
900000104	61	nbg1-cloud1-leaf49
900000096	69	fsn1-cloud2-leaf52
900000123	689	fsn1-cloud2-leaf53
900000021	632	hel1-cloud1-leaf30
900000107	360	nbg1-cloud1-leaf14
900000126	689	fsn1-cloud2-leaf53
900000036	791	nbg1-cloud1-leaf41
900000054	379	hel1-cloud1-leaf87
900000056	379	hel1-cloud1-leaf87
900000032	791	nbg1-cloud1-leaf41
900000111	918	nbg1-cloud1-leaf92
900000093	676	hel1-cloud1-leaf51
900000140	805	hel1-cloud1-leaf24
900000076	8	fsn1-cloud2-leaf86
900000001	392	hel1-cloud1-leaf20
900000176	266	hel1-cloud1-leaf25
900000038	791	nbg1-cloud1-leaf41
900000130	689	fsn1-cloud2-leaf53
900000198	981	hel1-cloud1-leaf98
900000138	504	hel1-cloud1-leaf24
900000051	379	hel1-cloud1-leaf87
900000098	963	nbg1-cloud1-leaf54
900000116	579	fsn1-cloud2-leaf53
900000013	931	nbg1-cloud1-leaf73
900000027	791	nbg1-cloud1-leaf41
900000003	931	nbg1-cloud1-leaf73
900000048	379	hel1-cloud1-leaf87
900000062	922	fsn1-cloud2-leaf88
900000134	799	nbg1-cloud1-leaf68
900000173	652	hel1-cloud1-leaf25
900000191	115	fsn1-cloud2-leaf18
900000049	379	hel1-cloud1-leaf87
900000129	689	fsn1-cloud2-leaf53
900000183	276	fsn1-cloud2-leaf55
900000002	949	hel1-cloud1-leaf20
900000070	8	fsn1-cloud2-leaf86
900000011	931	nbg1-cloud1-leaf73
900000072	8	fsn1-cloud2-leaf86
900000080	181	fsn1-cloud2-leaf86
900000006	931	nbg1-cloud1-leaf73
900000125	689	fsn1-cloud2-leaf53
900000061	379	hel1-cloud1-leaf87
900000031	791	nbg1-cloud1-leaf41
900000114	918	nbg1-cloud1-leaf92
900000097	963	nbg1-cloud1-leaf54
900000102	61	nbg1-cloud1-leaf49
900000022	632	hel1-cloud1-leaf30
900000179	756	fsn1-cloud2-leaf81
900000181	194	fsn1-cloud2-leaf97
900000034	791	nbg1-cloud1-leaf41
900000030	791	nbg1-cloud1-leaf41
900000155	596	nbg1-cloud1-leaf59
900000157	844	nbg1-cloud1-leaf59
900000145	884	fsn1-cloud2-leaf83
900000120	689	fsn1-cloud2-leaf53
900000106	234	nbg1-cloud1-leaf49
900000186	55	nbg1-cloud1-leaf22
900000141	557	fsn1-cloud2-leaf26
900000162	354	hel1-cloud1-leaf25
900000168	547	hel1-cloud1-leaf25
900000026	791	nbg1-cloud1-leaf41
900000055	379	hel1-cloud1-leaf87
900000144	884	fsn1-cloud2-leaf83
900000005	931	nbg1-cloud1-leaf73
900000146	884	fsn1-cloud2-leaf83
900000185	55	nbg1-cloud1-leaf22
900000020	632	hel1-cloud1-leaf30
900000135	411	nbg1-cloud1-leaf68
900000152	596	nbg1-cloud1-leaf59
900000066	518	fsn1-cloud2-leaf95
900000197	981	hel1-cloud1-leaf98
900000182	26	fsn1-cloud2-leaf97
900000188	718	nbg1-cloud1-leaf44
900000075	8	fsn1-cloud2-leaf86
900000194	790	hel1-cloud1-leaf47
900000016	931	nbg1-cloud1-leaf73
900000101	963	nbg1-cloud1-leaf54
